"url","fetch_time","content_mime_type","warc_filename","warc_record_offset","warc_record_length"
"https://www.aripaev.ee/uudised/2009/10/28/apple-ja-amazon-teevad-imet","2018-03-17 22:04:09.000","text/html","crawl-data/CC-MAIN-2018-13/segments/1521257645362.1/warc/CC-MAIN-20180317214032-20180317234032-00106.warc.gz","772757570","30509"
"https://www.aripaev.ee/uudised/2018/03/14/rootsi-meedia-raagib-amazoni-tulekust","2018-03-18 21:26:31.000","text/html","crawl-data/CC-MAIN-2018-13/segments/1521257646176.6/warc/CC-MAIN-20180318204522-20180318224522-00271.warc.gz","732360550","30317"
"http://atf.ee/computers-and-tablets/ebooks/amazon-kindle-paperwhite-3-white/","2018-03-23 20:30:33.000","text/html","crawl-data/CC-MAIN-2018-13/segments/1521257648594.80/warc/CC-MAIN-20180323200519-20180323220519-00575.warc.gz","25110600","22286"
"http://community.mis.temple.edu/mis4596sec002spring2018/2018/02/06/why-microsoft-is-ruling-the-cloud-ibm-is-matching-amazon-and-google-is-15-billion-behind-2/","2018-03-21 11:09:06.000","text/html","crawl-data/CC-MAIN-2018-13/segments/1521257647612.53/warc/CC-MAIN-20180321102234-20180321122234-00456.warc.gz","64873250","9594"
"http://community.mis.temple.edu/mis4596sec003s18/2018/03/01/is-amazon-capable-of-transforming-healthcare/","2018-03-18 11:33:17.000","text/html","crawl-data/CC-MAIN-2018-13/segments/1521257645613.9/warc/CC-MAIN-20180318110736-20180318130736-00749.warc.gz","59831297","15792"
"http://community.mis.temple.edu/mis4596sec003s18/2018/03/01/is-amazon-capable-of-transforming-healthcare/","2018-03-24 12:16:52.000","text/html","crawl-data/CC-MAIN-2018-13/segments/1521257650262.65/warc/CC-MAIN-20180324112821-20180324132821-00749.warc.gz","61598180","15791"
"http://community.mis.temple.edu/mis5211sec001fall17/2017/12/01/amazon-to-let-delivery-drivers-open-your-front-door/","2018-03-22 11:31:46.000","text/html","crawl-data/CC-MAIN-2018-13/segments/1521257647883.57/warc/CC-MAIN-20180322112241-20180322132241-00330.warc.gz","59801252","8967"
"http://community.mis.temple.edu/mis5211sec001fall17/2017/12/01/amazon-to-let-delivery-drivers-open-your-front-door/","2018-03-24 14:03:39.000","text/html","crawl-data/CC-MAIN-2018-13/segments/1521257650685.77/warc/CC-MAIN-20180324132337-20180324152337-00330.warc.gz","61693054","8969"
"https://news.temple.edu/news/2017-11-29/students-milk-and-vine-book-goes-viral-amazon-best-seller","2018-03-22 11:43:26.000","text/html","crawl-data/CC-MAIN-2018-13/segments/1521257647883.57/warc/CC-MAIN-20180322112241-20180322132241-00206.warc.gz","611248707","11879"
"http://themadeleine.edu/amazon/","2018-03-25 01:12:37.000","text/html","crawl-data/CC-MAIN-2018-13/segments/1521257651481.98/warc/CC-MAIN-20180325005509-20180325025509-00694.warc.gz","301895092","904"
"http://autodiscover.thenicc.edu/index.php/en/nicc-news-updates-2/125-featured-news/545-amazon","2018-03-18 17:26:43.000","text/html","crawl-data/CC-MAIN-2018-13/segments/1521257645830.10/warc/CC-MAIN-20180318165408-20180318185408-00460.warc.gz","28705676","8372"
"http://theology.edu/amazon.htm","2018-03-22 23:25:44.000","text/html","crawl-data/CC-MAIN-2018-13/segments/1521257648103.60/warc/CC-MAIN-20180322225408-20180323005408-00186.warc.gz","299693922","1294"
"http://www.bestsales.ee/uudised/2017/05/19/uudiseid-muugimaailmast-inbanki-juhatusega-liitus-muugijuht-compensa-elukindlustus-joudis-uue-maamargini-ning-boost-yourselfi-tooted-murdsid-amazoni","2018-03-23 14:49:08.000","text/html","crawl-data/CC-MAIN-2018-13/segments/1521257648313.85/warc/CC-MAIN-20180323141827-20180323161827-00362.warc.gz","329244941","41330"
"http://novie-ananda-riizky-greatsale.bl.ee/1-cellularvilla-tm-for-amazon-kindle-fire-hd-7-7-inch-tablet-slim-fit-pu-leather-book-style-flip-folio-portfolio-with-auto-sleepwake-feature-stand-case-cover-protector-many-color-options-avail/","2018-03-20 15:46:50.000","text/html","crawl-data/CC-MAIN-2018-13/segments/1521257647498.68/warc/CC-MAIN-20180320150533-20180320170533-00026.warc.gz","210631387","9341"
"http://novie-ananda-riizky-greatsale.bl.ee/1-cellularvilla-tm-for-amazon-kindle-fire-hd-7-7-inch-tablet-slim-fit-pu-leather-book-style-flip-folio-portfolio-with-auto-sleepwake-feature-stand-case-cover-protector-many-color-options-avail-2/","2018-03-23 18:55:00.000","text/html","crawl-data/CC-MAIN-2018-13/segments/1521257648431.63/warc/CC-MAIN-20180323180932-20180323200932-00245.warc.gz","226884719","9034"
"http://novie-ananda-riizky-greatsale.bl.ee/1-hot-steam-coffee-beans-cup-amazon-kindle-fire-hd-7-2012-version-only-september-14-2012-flip-case-stand-magnetic-cover-open-ports-customized-made-to-order-support-ready-premium-deluxe-pu-leather/","2018-03-23 18:55:38.000","text/html","crawl-data/CC-MAIN-2018-13/segments/1521257648431.63/warc/CC-MAIN-20180323180932-20180323200932-00021.warc.gz","217538329","9816"
"http://novie-ananda-riizky-greatsale.bl.ee/best-cellularvilla-tm-for-amazon-kindle-fire-hd-7-7-inch-tablet-slim-fit-pu-leather-book-style-flip-folio-portfolio-with-auto-sleepwake-feature-stand-case-cover-protector-many-color-options-ava/","2018-03-17 22:13:28.000","text/html","crawl-data/CC-MAIN-2018-13/segments/1521257645362.1/warc/CC-MAIN-20180317214032-20180317234032-00502.warc.gz","221429299","9251"
"http://novie-ananda-riizky-greatsale.bl.ee/buy-cellularvilla-case-for-amazon-2012-kindle-fire-hd-7-inch-purple-glitter-pu-leather-flip-folio-stand-case-cover-stylus-touch-pen/","2018-03-20 15:30:51.000","text/html","crawl-data/CC-MAIN-2018-13/segments/1521257647498.68/warc/CC-MAIN-20180320150533-20180320170533-00498.warc.gz","222519958","8909"
"http://novie-ananda-riizky-greatsale.bl.ee/cellularvilla-case-for-amazon-2012-kindle-fire-hd-7-inch-baby-blue-glitter-pu-leather-flip-folio-stand-case-cover-stylus-touch-pen/","2018-03-21 07:15:28.000","text/html","crawl-data/CC-MAIN-2018-13/segments/1521257647584.56/warc/CC-MAIN-20180321063114-20180321083114-00624.warc.gz","204830399","8903"
"http://novie-ananda-riizky-greatsale.bl.ee/colorful-hot-air-balloons-airborne-amazon-kindle-fire-hd-7-2012-version-only-september-14-2012-flip-case-stand-magnetic-cover-open-ports-customized-made-to-order-support-ready-premium-deluxe-pu/","2018-03-18 02:23:38.000","text/html","crawl-data/CC-MAIN-2018-13/segments/1521257645413.2/warc/CC-MAIN-20180318013134-20180318033134-00298.warc.gz","206700440","9617"
"http://novie-ananda-riizky-greatsale.bl.ee/durable-hot-pink-amazon-kindle-fire-7-inch-tablet-neoprene-sleeve-vangoddy-livelaughlove-wristband/","2018-03-20 15:43:04.000","text/html","crawl-data/CC-MAIN-2018-13/segments/1521257647498.68/warc/CC-MAIN-20180320150533-20180320170533-00750.warc.gz","222784566","9002"
"http://novie-ananda-riizky-greatsale.bl.ee/melting-red-hot-lava-nature-scenery-amazon-kindle-fire-hd-7-2012-version-only-september-14-2012-flip-case-stand-magnetic-cover-open-ports-customized-made-to-order-support-ready-premium-deluxe-pu-le/","2018-03-20 15:50:26.000","text/html","crawl-data/CC-MAIN-2018-13/segments/1521257647498.68/warc/CC-MAIN-20180320150533-20180320170533-00646.warc.gz","217914054","9689"
"http://novie-ananda-riizky-greatsale.bl.ee/padded-scratch-water-resistant-hot-pink-neoprene-sleeve-for-new-amazon-kindle-fire-7-inch-tablet-vangoddy-livelaughlove-wristband/","2018-03-18 02:22:30.000","text/html","crawl-data/CC-MAIN-2018-13/segments/1521257645413.2/warc/CC-MAIN-20180318013134-20180318033134-00085.warc.gz","214663170","8965"
"http://novie-ananda-riizky-greatsale.bl.ee/review-love-coffee-beans-hearts-hot-coffee-amazon-kindle-fire-hd-7-2012-version-only-september-14-2012-flip-case-stand-magnetic-cover-open-ports-customized-made-to-order-support-ready-premium-del/","2018-03-21 18:40:56.000","text/html","crawl-data/CC-MAIN-2018-13/segments/1521257647681.81/warc/CC-MAIN-20180321180325-20180321200325-00348.warc.gz","208486900","9890"
"http://novie-ananda-riizky-greatsale.bl.ee/thankscase-owls-cover-for-amazon-all-new-kindle-fire-hd-7-2nd-gen-2013-release-not-fit-kindle-fire-hd-7-2012-release-with-standing-with-smart-cover-with-elastic-hand-straphot-pink/","2018-03-21 23:57:34.000","text/html","crawl-data/CC-MAIN-2018-13/segments/1521257647707.33/warc/CC-MAIN-20180321234947-20180322014947-00473.warc.gz","207718850","9138"
"https://www.trevecca.edu/give/amazonsmile","2018-03-17 16:23:21.000","text/html","crawl-data/CC-MAIN-2018-13/segments/1521257645248.22/warc/CC-MAIN-20180317155348-20180317175348-00443.warc.gz","900017723","11230"
"http://glinden.blogspot.com.ee/2017/06/two-decades-of-amazoncom-recommendations.html","2018-03-22 15:39:47.000","text/html","crawl-data/CC-MAIN-2018-13/segments/1521257647892.89/warc/CC-MAIN-20180322151300-20180322171300-00632.warc.gz","118555064","12159"
"http://mikenormaneconomics.blogspot.com.ee/2018/01/jimmy-dore-amazon-employees-need-food.html","2018-03-21 12:38:47.000","text/html","crawl-data/CC-MAIN-2018-13/segments/1521257647649.70/warc/CC-MAIN-20180321121805-20180321141805-00437.warc.gz","198360916","20358"
"http://mikenormaneconomics.blogspot.com.ee/2018/03/jimmy-dore-how-amazon-is-screwing.html","2018-03-21 22:18:45.000","text/html","crawl-data/CC-MAIN-2018-13/segments/1521257647706.69/warc/CC-MAIN-20180321215410-20180321235410-00754.warc.gz","194472315","22120"
"http://its.truman.edu/docs/connecting-to-the-secure-wireless-network-with-an-amazon-kindle-fire-tablet/","2018-03-24 19:40:22.000","text/html","crawl-data/CC-MAIN-2018-13/segments/1521257650993.91/warc/CC-MAIN-20180324190917-20180324210917-00442.warc.gz","157182594","7961"
"http://arileht.delfi.ee/news/turundus/amazon-soovib-euroopas-googlei-ja-facebookiga-voitlema-hakata?id=80769703","2018-03-20 17:29:39.000","text/html","crawl-data/CC-MAIN-2018-13/segments/1521257647519.62/warc/CC-MAIN-20180320170119-20180320190119-00391.warc.gz","19168387","20032"
"http://arileht.delfi.ee/news/uudised/amazoncom-puuab-luua-arvelduskonto-laadset-toodet?id=81351749","2018-03-19 16:26:23.000","text/html","crawl-data/CC-MAIN-2018-13/segments/1521257647003.0/warc/CC-MAIN-20180319155754-20180319175754-00484.warc.gz","22901708","17664"
"http://arileht.delfi.ee/news/uudised/kui-amazon-tahaks-voiks-internetikaupmehest-saada-usa-suuruselt-kolmas-pank?id=81366177","2018-03-18 02:05:45.000","text/html","crawl-data/CC-MAIN-2018-13/segments/1521257645413.2/warc/CC-MAIN-20180318013134-20180318033134-00434.warc.gz","21927259","18287"
"http://arileht.delfi.ee/news/uudised/saksamaa-it-konsultant-hoiatab-eesti-ettevotteid-amazoni-ja-ebay-eest?id=81024445&com=1&reg=1&no=0&s=1","2018-03-23 06:51:33.000","text/html","crawl-data/CC-MAIN-2018-13/segments/1521257648198.55/warc/CC-MAIN-20180323063710-20180323083710-00588.warc.gz","26301597","16077"
"http://m.arileht.delfi.ee/picture.php?url=https%3A%2F%2Fg.delfi.ee%2Fimages%2Fpix%2F800x500%2F43P2Yfe1X0M%2Famazon-80769713.jpg&article_url=http%3A%2F%2Fm.arileht.delfi.ee%2Fturundus%2Farticle.php%3Fid%3D80769703","2018-03-24 13:32:53.000","text/html","crawl-data/CC-MAIN-2018-13/segments/1521257650685.77/warc/CC-MAIN-20180324132337-20180324152337-00100.warc.gz","178517625","6101"
"http://www.depts.ttu.edu/careercenter/employerspotlights/employerspotlight/amazon.php","2018-03-22 06:16:50.000","text/html","crawl-data/CC-MAIN-2018-13/segments/1521257647777.59/warc/CC-MAIN-20180322053608-20180322073608-00439.warc.gz","366529412","10321"
"https://fs.ttu.edu/adfs/ls/?wa=wsignin1.0&wtrealm=https%3A%2F%2Fmail.ttu.edu%2Fowa%2F&wctx=rm%3D0%26id%3Dpassive%26ru%3D%252fowa%252fredir.aspx%253fC%253dxWCCuAo670CVdPbUiRc6a8W-hQ4BjNAIsKtrh7yh9Mh8ZjxBtbpm5e7QzMsHJhz3EUCicEIUM2Y.%2526URL%253dhttp%25253A%25252F%25252Fwww.amazon.com%25252FThe-Creolization-American-Culture-Minstrelsy%25252Fdp%25252F0252037766&wct=2018-03-22T15%3A32%3A04Z","2018-03-22 15:32:04.000","text/html","crawl-data/CC-MAIN-2018-13/segments/1521257647892.89/warc/CC-MAIN-20180322151300-20180322171300-00726.warc.gz","573517681","5975"
"http://forte.delfi.ee/news/digi/amazoni-tippjuht-jeff-bezos-kujunes-rikkaimaks-inimeseks-maailma-ajaloos?id=80744185","2018-03-18 17:37:01.000","text/html","crawl-data/CC-MAIN-2018-13/segments/1521257645830.10/warc/CC-MAIN-20180318165408-20180318185408-00326.warc.gz","115659312","28125"
"http://forte.delfi.ee/news/digi/uus-kindle-oasis-on-amazoni-esimene-veekindel-e-luger?id=79810606","2018-03-24 10:02:50.000","text/html","crawl-data/CC-MAIN-2018-13/segments/1521257650188.31/warc/CC-MAIN-20180324093251-20180324113251-00682.warc.gz","103870281","28903"
"http://maakodu.delfi.ee/news/maakodu/maakodureisid/amazonase-ja-vihmametsa-lummuses?id=66305018","2018-03-22 14:07:41.000","text/html","crawl-data/CC-MAIN-2018-13/segments/1521257647885.78/warc/CC-MAIN-20180322131741-20180322151741-00407.warc.gz","175568062","30942"
"http://maitsed.delfi.ee/teemad/amazon","2018-03-19 16:26:33.000","text/html","crawl-data/CC-MAIN-2018-13/segments/1521257647003.0/warc/CC-MAIN-20180319155754-20180319175754-00692.warc.gz","184362628","9825"
"http://maitsed.delfi.ee/tervis/toiduraamat-amazoni-raamatupoes-loob-laineid-spermat-toidus-kasutav-kokaraamat?id=76023357","2018-03-20 15:54:46.000","text/html","crawl-data/CC-MAIN-2018-13/segments/1521257647498.68/warc/CC-MAIN-20180320150533-20180320170533-00636.warc.gz","189228023","19121"
"http://publik.delfi.ee/news/inimesed/milline-on-maailma-rikkaima-mehe-paevaplaan-amazoni-looja-jeff-bezos-leiab-aega-isegi-noude-pesemiseks?id=81389961","2018-03-23 18:44:16.000","text/html","crawl-data/CC-MAIN-2018-13/segments/1521257648431.63/warc/CC-MAIN-20180323180932-20180323200932-00432.warc.gz","236960916","19855"
"http://rus.delfi.ee/daily/business/samym-bogatym-chelovekom-mira-stal-glava-amazon?id=81359045","2018-03-24 17:53:17.000","text/html","crawl-data/CC-MAIN-2018-13/segments/1521257650764.71/warc/CC-MAIN-20180324171404-20180324191404-00790.warc.gz","247394635","19217"
"http://devclub.ee/lugu/amazon-aws/march-event-follow","2018-03-22 00:12:25.000","text/html","crawl-data/CC-MAIN-2018-13/segments/1521257647707.33/warc/CC-MAIN-20180321234947-20180322014947-00620.warc.gz","75084291","13317"
"http://devclub.ee/tag/amazon-aws","2018-03-22 00:09:09.000","text/html","crawl-data/CC-MAIN-2018-13/segments/1521257647707.33/warc/CC-MAIN-20180321234947-20180322014947-00260.warc.gz","77405709","14737"
"http://www.dv.ee/birzha/2018/02/16/amazon-voshel-v-trojku-samyh-dorogih-kompanij-mira","2018-03-20 17:47:49.000","text/html","crawl-data/CC-MAIN-2018-13/segments/1521257647519.62/warc/CC-MAIN-20180320170119-20180320190119-00492.warc.gz","364735258","42738"
"http://www.dv.ee/novosti/2008/01/28/amazon-com-ctanet-mezhdunarodnym","2018-03-24 23:46:45.000","text/html","crawl-data/CC-MAIN-2018-13/segments/1521257651465.90/warc/CC-MAIN-20180324225928-20180325005928-00312.warc.gz","380047603","38938"
"http://www.dv.ee/novosti/2010/09/01/amazon-osvaivaet-biznes-videoprokata","2018-03-19 06:31:06.000","text/html","crawl-data/CC-MAIN-2018-13/segments/1521257646602.39/warc/CC-MAIN-20180319062143-20180319082143-00597.warc.gz","343062201","39768"
"http://www.dv.ee/novosti/2017/06/16/amazon-sovershaet-krupnejshuju-v-svoej-istorii-sdelku","2018-03-23 17:24:06.000","text/html","crawl-data/CC-MAIN-2018-13/segments/1521257648404.94/warc/CC-MAIN-20180323161421-20180323181421-00488.warc.gz","362603595","41806"
